available,ex_vat,mul_disc,name,no_review,percent,price,price_litre,star
In ,£30.79,£11.09,Renegade Gin,4,42,£36.95,£52.79,5
In ,£26.63,£9.59,Four Roses Small Batch Bourbon,35,45,£31.95,£45.64,5
In ,£41.63,nil,Tanqueray Malacca Gin,7,41.3,£49.95,nil,5
In ,£35.79,£12.89,Rittenhouse Bottled In Bond Straight Rye,17,50,£42.95,£61.36,4.5
In ,£19.96,£7.18,"Four Roses Original
(Yellow Label) Bourbon",23,40,£23.95,£34.21,3.5
In ,£51.63,£18.59,Bowmore 15 Year Old,52,43,£61.95,£88.50,4
In ,£58.29,£20.99,agavulin 16 Year Old,350,43,£69.95,£99.93,4.5
In ,£40.63,£14.63,Remy Martin 1738 Accord Royal Cognac,21,40,£48.75,£69.64,4.5
In ,£32.46,£11.68,Eagle Rare 10 Year Old,45,45,£38.95,£55.64,4.5
In ,£47.46,nil,"Angel's Envy Bourbon
Port Finish",30,43.3,£56.95,£81.36,4.5
